{"cameraMode":{"drawMode":0,"name":"Shaded","section":"Shading Mode"},"sceneLighting":true,"audioPlay":false,"sceneViewState":{"m_AlwaysRefresh":false,"showFog":true,"showSkybox":true,"showFlares":true,"showImageEffects":true,"showParticleSystems":true,"showVisualEffectGraphs":true,"m_FxEnabled":true},"in2DMode":false,"pivot":{"x":-18.90683937072754,"y":-166.75198364257813,"z":343.5723876953125},"rotation":{"x":-0.21872632205486298,"y":-0.004428467247635126,"z":0.0010816555004566908,"w":-0.9758390784263611},"size":201.4140167236328,"orthographic":false}