{"cameraMode":{"drawMode":0,"name":"Shaded","section":"Shading Mode"},"sceneLighting":true,"audioPlay":false,"sceneViewState":{"m_AlwaysRefresh":false,"showFog":true,"showSkybox":true,"showFlares":true,"showImageEffects":true,"showParticleSystems":true,"showVisualEffectGraphs":true,"m_FxEnabled":true},"in2DMode":false,"pivot":{"x":104.04639434814453,"y":521.8267822265625,"z":-893.8440551757813},"rotation":{"x":0.07149944454431534,"y":0.10989729315042496,"z":-0.007940133102238179,"w":0.9913604855537415},"size":98.31210327148438,"orthographic":false}