{"cameraMode":{"drawMode":0,"name":"Shaded","section":"Shading Mode"},"sceneLighting":false,"audioPlay":false,"sceneViewState":{"m_AlwaysRefresh":false,"showFog":true,"showSkybox":false,"showFlares":true,"showImageEffects":true,"showParticleSystems":true,"showVisualEffectGraphs":true,"m_FxEnabled":true},"in2DMode":false,"pivot":{"x":159.11013793945313,"y":-0.08340072631835938,"z":-6.358926773071289},"rotation":{"x":0.13279063999652863,"y":0.6894864439964294,"z":-0.13081753253936768,"w":0.6999108195304871},"size":2.554032802581787,"orthographic":false}