{"cameraMode":{"drawMode":0,"name":"Shaded","section":"Shading Mode"},"sceneLighting":true,"audioPlay":false,"sceneViewState":{"m_AlwaysRefresh":false,"showFog":true,"showSkybox":true,"showFlares":true,"showImageEffects":true,"showParticleSystems":true,"showVisualEffectGraphs":true,"m_FxEnabled":true},"in2DMode":false,"pivot":{"x":467.56488037109377,"y":1409.115966796875,"z":-1751.778564453125},"rotation":{"x":0.2857542634010315,"y":-0.010066558606922627,"z":0.003001954173669219,"w":0.9582459330558777},"size":10.420828819274903,"orthographic":false}