{"cameraMode":{"drawMode":0,"name":"Shaded","section":"Shading Mode"},"sceneLighting":false,"audioPlay":false,"sceneViewState":{"m_AlwaysRefresh":false,"showFog":true,"showSkybox":false,"showFlares":true,"showImageEffects":true,"showParticleSystems":true,"showVisualEffectGraphs":true,"m_FxEnabled":true},"in2DMode":false,"pivot":{"x":160.42515563964845,"y":0.8485815525054932,"z":0.5593684911727905},"rotation":{"x":0.00011392629676265642,"y":0.9988522529602051,"z":-0.04798157513141632,"w":0.0023964971769601108},"size":2.5058646202087404,"orthographic":false}