{"cameraMode":{"drawMode":0,"name":"Shaded","section":"Shading Mode"},"sceneLighting":false,"audioPlay":false,"sceneViewState":{"m_AlwaysRefresh":false,"showFog":true,"showSkybox":false,"showFlares":true,"showImageEffects":true,"showParticleSystems":true,"showVisualEffectGraphs":true,"m_FxEnabled":true},"in2DMode":false,"pivot":{"x":157.59165954589845,"y":0.9949188828468323,"z":4.275094032287598},"rotation":{"x":0.08595848828554154,"y":0.2908954918384552,"z":-0.02625424787402153,"w":0.9525293707847595},"size":2.7254512310028078,"orthographic":false}